INSERT INTO genders(name)
VALUES ('FEMALE'),
       ('MALE');

INSERT INTO service_types(title)
VALUES ('Парикмахерские услуги'),
       ('Ногтевой сервис'),
       ('Ресницы'),
       ('Удаление волос'),
       ('Брови'),
       ('Косметология'),
       ('Уход'),
       ('Визаж'),
       ('Татуаж'),
       ('Тату'),
       ('Пирсинг'),
       ('Усы'),
       ('Борода'),
       ('СПА'),
       ('Солярий');

INSERT INTO beauty_salons(name, address, rate, lat, lon)
VALUES ('Camille Albane', 'Вокзальная магистраль, 8, Новосибирск, 2 этаж', 4.7, 55.032702, 82.907015),
       ('Краса', 'пр. Академика Коптюга, 7, Новосибирск, Новосибирская обл., 630090', 4.8, 54.847126, 83.103107),
       ('Дом Красоты', 'Детский пр-д, 13, Новосибирск, Новосибирская обл., 630090', 4.8, 54.253113, 48.327396),
       ('Академия совершенства', 'пр. Академика Коптюга, 5, Новосибирск, Новосибирская обл., 630090', 4.9, 54.847126,
        83.103107),
       ('Салон "Точка Красоты"', 'Морской пр., д.44, Новосибирск, Новосибирская обл., 630090', 4.2, 54.839518,
        83.106711);

INSERT INTO master_categories(name, description)
VALUES ('Парикмахерские услуги', 'Предприятие, занимающееся предоставлением услуг для населения по уходу за волосами'),
       ('Ногтевой сервис',
        'Набор услуг, включающий в себя маникюр, педикюр, укрепление, моделирование и художественное оформление ногтей, гигиенический и эстетический уход за натуральными ногтями'),
       ('Ресницы', 'Наращивание ресниц'),
       ('Удаление волос', 'Депиляция, Эпиляция'),
       ('Брови',
        'Оформление бровей: придание формы с помощью пинцета и воска с учетом особенностей ваших бровей и формы лица.'),
       ('Косметология',
        'В сферу эстетической косметологии входят различные уходовые программы для лиц и тела, химические пилинги, стимулирующая карбокситерапия'),
       ('Визаж', ''),
       ('Татуаж', ''),
       ('Тату', ''),
       ('Пирсинг', ''),
       ('Усы', ''),
       ('Борода', ''),
       ('СПА', ''),
       ('Солярий', '');

INSERT INTO masters(name, age, phone_number, rate, qualification, photo_url, status, gender_id, beauty_salon_id,
                    master_category_id)
VALUES ('Марина', 27, '+79341235476', 4.7, 'high qualification', null, null, 1, 1, 2),
       ('Сергей', 30, '+79344325476', 4.8, 'high qualification', null, null, 2, 2, 1),
       ('Владислава', 42, '+79456235476', 4.3, 'high qualification', null, null, 1, 3, 3),
       ('Кармелита', 19, '+79341381676', 4.2, 'high qualification', null, null, 1, 4, 1),
       ('Евгений', 39, '+79343125476', 4.9, 'high qualification', null, null, 2, 5, 5),
       ('Татьяна', 22, '+72849235476', 4.8, 'high qualification', null, null, 1, 5, 2),
       ('Светлана', 45, '+71034235476', 4.5, 'high qualification', null, null, 1, 1, 1),
       ('Кристина', 20, '+75551235476', 4.7, 'high qualification', null, null, 1, 3, 2),
       ('Мария', 29, '+79936235476', 4.7, 'high qualification', null, null, 1, 4, 2);

INSERT INTO service(title, time_estimate, price, master_id, service_type_id)
VALUES ('Мужской маникюр', '1 hours', 1000, 1, 2),
       ('Мужской педюкюр', '1 hours', 1200, 1, 2),
       ('Медицинский педикюр', '2 hours', 3000, 1, 2),
       ('Мужской маникюр', '1 hours', 1400, 6, 2),
       ('Мужской педюкюр', '1 hours', 1600, 6, 2),
       ('Медицинский педикюр', '2 hours', 2000, 6, 2),
       ('Уход', '30 mins', 1000, 6, 2),
       ('Мужская стрижка', '45 mins', 845, 2, 1);


INSERT INTO clients(name, age, phone_number, rate, gender_id)
VALUES ('Никита', 21, '+70000000000', 5.0, 2);

INSERT INTO service_provision(title, date, price, available, client_id, master_id)
VALUES ('Услуга 1', '2022-12-28 17:30:00.702000 +00:00', 1500, true, null, 1),
       ('Услуга 2', '2022-12-29 17:30:00.702000 +00:00', 1500, true, null, 2),
       ('Услуга 3', '2022-12-30 17:30:00.702000 +00:00', 1500, true, null, 3),
       ('Услуга 4', '2022-12-31 17:30:00.702000 +00:00', 1500, true, null, 4),
       ('Услуга 5', '2022-12-28 16:00:00.702000 +00:00', 1500, true, null, 5);


